{
    "coeff_a": 23.851793069214413,
    "coeff_b1": 32.86476466255582,
    "coeff_b2": -5.765317288295347,
    "coeff_none": 0.603879398218621
}