{
    "coeff_a": 42.01507840736568,
    "coeff_b1": 50.0,
    "coeff_b2": -4.402141736869773,
    "coeff_none": -10.0
}