{
    "coeff_a": 32.64612535368845,
    "coeff_b1": 42.07680931382469,
    "coeff_b2": -2.870438938793905,
    "coeff_none": 1.16276583541147
}