{
    "coeff_a": 38.19541598753932,
    "coeff_b1": 43.65559646854851,
    "coeff_b2": -2.071579237382153,
    "coeff_none": -5.454906925886219
}